[ 
  {"name": "City View"}, 
  {"name": "Park Facing"}, 
  {"name": "Swimming Pool"}, 
  {"name": "Club House"}, 
  {"name": "Gated Community"}, 
  {"name": "Golf Course"}, 
  {"name": "Golf Course Lot"}, 
  {"name": "Wooden Flooring"}, 
  {"name": "Hardwood Floors"}, 
  {"name": "Large Kitchen"}, 
  {"name": "Large Bathrooms"}, 
  {"name": "Gym"}, 
  {"name": "Shopping Nearby"}, 
  {"name": "Power Backup"}, 
  {"name": "Lifts"}, 
  {"name": "Intercom"}, 
  {"name": "Children's Play Area"}, 
  {"name": "Park"}, 
  {"name": "Sewage Treatment Plant"}, 
  {"name": "Visitor Parking"}, 
  {"name": "Gas Pipeline"}
]